{
	"manifest" : 
	{
		"gamecore" : 
		{
			"java-runtime-alpha" : [],
			"java-runtime-beta" : [],
			"java-runtime-delta" : [],
			"java-runtime-gamma" : [],
			"java-runtime-gamma-snapshot" : [],
			"jre-legacy" : [],
			"minecraft-java-exe" : []
		},
		"linux" : 
		{
			"java-runtime-alpha" : 
			[
				{
					"availability" : 
					{
						"group" : 5851,
						"progress" : 100
					},
					"manifest" : 
					{
						"sha1" : "3bfc5fdcc28d8897aa12f372ea98a9afeb11a813",
						"size" : 82665,
						"url" : "https://piston-meta.mojang.com/v1/packages/3bfc5fdcc28d8897aa12f372ea98a9afeb11a813/manifest.json"
					},
					"version" : 
					{
						"name" : "16.0.1.9.1",
						"released" : "2021-05-10T16:43:02+00:00"
					}
				}
			],
			"java-runtime-beta" : 
			[
				{
					"availability" : 
					{
						"group" : 1791,
						"progress" : 100
					},
					"manifest" : 
					{
						"sha1" : "4be835c1384c4bf1ebcb5c3bfe999ad2b1fe88ac",
						"size" : 82098,
						"url" : "https://piston-meta.mojang.com/v1/packages/4be835c1384c4bf1ebcb5c3bfe999ad2b1fe88ac/manifest.json"
					},
					"version" : 
					{
						"name" : "17.0.15",
						"released" : "2025-05-19T08:11:57+00:00"
					}
				}
			],
			"java-runtime-delta" : 
			[
				{
					"availability" : 
					{
						"group" : 7419,
						"progress" : 100
					},
					"manifest" : 
					{
						"sha1" : "06a3884df3d9d4072b9b6df541495d81878ad2de",
						"size" : 82843,
						"url" : "https://piston-meta.mojang.com/v1/packages/06a3884df3d9d4072b9b6df541495d81878ad2de/manifest.json"
					},
					"version" : 
					{
						"name" : "21.0.7",
						"released" : "2025-05-19T08:30:12+00:00"
					}
				}
			],
			"java-runtime-gamma" : 
			[
				{
					"availability" : 
					{
						"group" : 8700,
						"progress" : 100
					},
					"manifest" : 
					{
						"sha1" : "71651340afda9fe593026fa7c56b1d9e2dbc1292",
						"size" : 82280,
						"url" : "https://piston-meta.mojang.com/v1/packages/71651340afda9fe593026fa7c56b1d9e2dbc1292/manifest.json"
					},
					"version" : 
					{
						"name" : "17.0.15",
						"released" : "2025-05-19T08:24:16+00:00"
					}
				}
			],
			"java-runtime-gamma-snapshot" : 
			[
				{
					"availability" : 
					{
						"group" : 5299,
						"progress" : 100
					},
					"manifest" : 
					{
						"sha1" : "71651340afda9fe593026fa7c56b1d9e2dbc1292",
						"size" : 82280,
						"url" : "https://piston-meta.mojang.com/v1/packages/71651340afda9fe593026fa7c56b1d9e2dbc1292/manifest.json"
					},
					"version" : 
					{
						"name" : "17.0.15",
						"released" : "2025-05-19T08:16:39+00:00"
					}
				}
			],
			"jre-legacy" : 
			[
				{
					"availability" : 
					{
						"group" : 6513,
						"progress" : 100
					},
					"manifest" : 
					{
						"sha1" : "c529f68a6febc042e71835a579f44d55a3717c46",
						"size" : 127111,
						"url" : "https://piston-meta.mojang.com/v1/packages/c529f68a6febc042e71835a579f44d55a3717c46/manifest.json"
					},
					"version" : 
					{
						"name" : "8u202",
						"released" : "2020-11-17T19:26:25+00:00"
					}
				}
			],
			"minecraft-java-exe" : []
		},
		"linux-i386" : 
		{
			"java-runtime-alpha" : [],
			"java-runtime-beta" : [],
			"java-runtime-delta" : [],
			"java-runtime-gamma" : [],
			"java-runtime-gamma-snapshot" : [],
			"jre-legacy" : 
			[
				{
					"availability" : 
					{
						"group" : 4119,
						"progress" : 100
					},
					"manifest" : 
					{
						"sha1" : "6df5ff7142797f409ec41e0b94124e677927f8e2",
						"size" : 128040,
						"url" : "https://piston-meta.mojang.com/v1/packages/6df5ff7142797f409ec41e0b94124e677927f8e2/manifest.json"
					},
					"version" : 
					{
						"name" : "8u202",
						"released" : "2020-11-17T19:28:39+00:00"
					}
				}
			],
			"minecraft-java-exe" : []
		},
		"mac-os" : 
		{
			"java-runtime-alpha" : 
			[
				{
					"availability" : 
					{
						"group" : 3212,
						"progress" : 100
					},
					"manifest" : 
					{
						"sha1" : "2351fc2fc174c27300e404ab038b88a54cc32455",
						"size" : 96136,
						"url" : "https://piston-meta.mojang.com/v1/packages/2351fc2fc174c27300e404ab038b88a54cc32455/manifest.json"
					},
					"version" : 
					{
						"name" : "16.0.1.9.1_3",
						"released" : "2021-05-11T15:03:25+00:00"
					}
				}
			],
			"java-runtime-beta" : 
			[
				{
					"availability" : 
					{
						"group" : 8666,
						"progress" : 100
					},
					"manifest" : 
					{
						"sha1" : "b330c3b6040b6693ab2d39b3122fa397ebd2cf69",
						"size" : 97227,
						"url" : "https://piston-meta.mojang.com/v1/packages/b330c3b6040b6693ab2d39b3122fa397ebd2cf69/manifest.json"
					},
					"version" : 
					{
						"name" : "17.0.15",
						"released" : "2025-05-19T08:13:00+00:00"
					}
				}
			],
			"java-runtime-delta" : 
			[
				{
					"availability" : 
					{
						"group" : 2498,
						"progress" : 100
					},
					"manifest" : 
					{
						"sha1" : "4a1d0bff88393d67292b2836efbb2d257df44a6a",
						"size" : 97949,
						"url" : "https://piston-meta.mojang.com/v1/packages/4a1d0bff88393d67292b2836efbb2d257df44a6a/manifest.json"
					},
					"version" : 
					{
						"name" : "21.0.7",
						"released" : "2025-05-19T08:32:20+00:00"
					}
				}
			],
			"java-runtime-gamma" : 
			[
				{
					"availability" : 
					{
						"group" : 9008,
						"progress" : 100
					},
					"manifest" : 
					{
						"sha1" : "b330c3b6040b6693ab2d39b3122fa397ebd2cf69",
						"size" : 97227,
						"url" : "https://piston-meta.mojang.com/v1/packages/b330c3b6040b6693ab2d39b3122fa397ebd2cf69/manifest.json"
					},
					"version" : 
					{
						"name" : "17.0.15",
						"released" : "2025-05-19T08:26:47+00:00"
					}
				}
			],
			"java-runtime-gamma-snapshot" : 
			[
				{
					"availability" : 
					{
						"group" : 7587,
						"progress" : 100
					},
					"manifest" : 
					{
						"sha1" : "b330c3b6040b6693ab2d39b3122fa397ebd2cf69",
						"size" : 97227,
						"url" : "https://piston-meta.mojang.com/v1/packages/b330c3b6040b6693ab2d39b3122fa397ebd2cf69/manifest.json"
					},
					"version" : 
					{
						"name" : "17.0.15",
						"released" : "2025-05-19T08:20:45+00:00"
					}
				}
			],
			"jre-legacy" : 
			[
				{
					"availability" : 
					{
						"group" : 8727,
						"progress" : 100
					},
					"manifest" : 
					{
						"sha1" : "501341ccea685ea22228e481a57a5f13b62e9a1b",
						"size" : 78351,
						"url" : "https://piston-meta.mojang.com/v1/packages/501341ccea685ea22228e481a57a5f13b62e9a1b/manifest.json"
					},
					"version" : 
					{
						"name" : "8u74",
						"released" : "2020-11-17T19:06:44+00:00"
					}
				}
			],
			"minecraft-java-exe" : []
		},
		"mac-os-arm64" : 
		{
			"java-runtime-alpha" : [],
			"java-runtime-beta" : [],
			"java-runtime-delta" : 
			[
				{
					"availability" : 
					{
						"group" : 5552,
						"progress" : 100
					},
					"manifest" : 
					{
						"sha1" : "78b4178415da0ae9c738e65dd66ac57e4c8a4bcc",
						"size" : 98233,
						"url" : "https://piston-meta.mojang.com/v1/packages/78b4178415da0ae9c738e65dd66ac57e4c8a4bcc/manifest.json"
					},
					"version" : 
					{
						"name" : "21.0.7",
						"released" : "2025-05-19T08:31:14+00:00"
					}
				}
			],
			"java-runtime-gamma" : 
			[
				{
					"availability" : 
					{
						"group" : 3671,
						"progress" : 100
					},
					"manifest" : 
					{
						"sha1" : "e0c8d5ccfe8cfb38075ff1b7f6352d7b03fd7868",
						"size" : 97689,
						"url" : "https://piston-meta.mojang.com/v1/packages/e0c8d5ccfe8cfb38075ff1b7f6352d7b03fd7868/manifest.json"
					},
					"version" : 
					{
						"name" : "17.0.15",
						"released" : "2025-05-19T08:26:07+00:00"
					}
				}
			],
			"java-runtime-gamma-snapshot" : 
			[
				{
					"availability" : 
					{
						"group" : 7042,
						"progress" : 100
					},
					"manifest" : 
					{
						"sha1" : "e0c8d5ccfe8cfb38075ff1b7f6352d7b03fd7868",
						"size" : 97689,
						"url" : "https://piston-meta.mojang.com/v1/packages/e0c8d5ccfe8cfb38075ff1b7f6352d7b03fd7868/manifest.json"
					},
					"version" : 
					{
						"name" : "17.0.15",
						"released" : "2025-05-19T08:18:33+00:00"
					}
				}
			],
			"jre-legacy" : [],
			"minecraft-java-exe" : []
		},
		"windows-arm64" : 
		{
			"java-runtime-alpha" : [],
			"java-runtime-beta" : [],
			"java-runtime-delta" : 
			[
				{
					"availability" : 
					{
						"group" : 9029,
						"progress" : 100
					},
					"manifest" : 
					{
						"sha1" : "d7be142ef1ae06c4dde59108e7f60d5984973668",
						"size" : 125687,
						"url" : "https://piston-meta.mojang.com/v1/packages/d7be142ef1ae06c4dde59108e7f60d5984973668/manifest.json"
					},
					"version" : 
					{
						"name" : "21.0.7",
						"released" : "2025-05-19T08:33:46+00:00"
					}
				}
			],
			"java-runtime-gamma" : 
			[
				{
					"availability" : 
					{
						"group" : 5909,
						"progress" : 100
					},
					"manifest" : 
					{
						"sha1" : "53058a37f481848f1654d26f9df73980501e0c73",
						"size" : 126088,
						"url" : "https://piston-meta.mojang.com/v1/packages/53058a37f481848f1654d26f9df73980501e0c73/manifest.json"
					},
					"version" : 
					{
						"name" : "17.0.15",
						"released" : "2025-05-19T08:27:55+00:00"
					}
				}
			],
			"java-runtime-gamma-snapshot" : 
			[
				{
					"availability" : 
					{
						"group" : 8129,
						"progress" : 100
					},
					"manifest" : 
					{
						"sha1" : "53058a37f481848f1654d26f9df73980501e0c73",
						"size" : 126088,
						"url" : "https://piston-meta.mojang.com/v1/packages/53058a37f481848f1654d26f9df73980501e0c73/manifest.json"
					},
					"version" : 
					{
						"name" : "17.0.15",
						"released" : "2025-05-19T08:22:21+00:00"
					}
				}
			],
			"jre-legacy" : [],
			"minecraft-java-exe" : []
		},
		"windows-x64" : 
		{
			"java-runtime-alpha" : 
			[
				{
					"availability" : 
					{
						"group" : 4219,
						"progress" : 100
					},
					"manifest" : 
					{
						"sha1" : "5e91f68978e873ef3b4f533dc1dcb73c2e9efff7",
						"size" : 147226,
						"url" : "https://piston-meta.mojang.com/v1/packages/5e91f68978e873ef3b4f533dc1dcb73c2e9efff7/manifest.json"
					},
					"version" : 
					{
						"name" : "16.0.1.9.1",
						"released" : "2021-05-10T16:48:07+00:00"
					}
				}
			],
			"java-runtime-beta" : 
			[
				{
					"availability" : 
					{
						"group" : 3751,
						"progress" : 100
					},
					"manifest" : 
					{
						"sha1" : "89ce85ccb518c62e18b4b58d63399ba2d9611426",
						"size" : 148571,
						"url" : "https://piston-meta.mojang.com/v1/packages/89ce85ccb518c62e18b4b58d63399ba2d9611426/manifest.json"
					},
					"version" : 
					{
						"name" : "17.0.15",
						"released" : "2025-05-19T08:10:49+00:00"
					}
				}
			],
			"java-runtime-delta" : 
			[
				{
					"availability" : 
					{
						"group" : 312,
						"progress" : 100
					},
					"manifest" : 
					{
						"sha1" : "cb4394a27089d19f65d5baa6cf0482c27c3c7865",
						"size" : 148529,
						"url" : "https://piston-meta.mojang.com/v1/packages/cb4394a27089d19f65d5baa6cf0482c27c3c7865/manifest.json"
					},
					"version" : 
					{
						"name" : "21.0.7",
						"released" : "2025-05-19T08:34:42+00:00"
					}
				}
			],
			"java-runtime-gamma" : 
			[
				{
					"availability" : 
					{
						"group" : 7609,
						"progress" : 100
					},
					"manifest" : 
					{
						"sha1" : "89ce85ccb518c62e18b4b58d63399ba2d9611426",
						"size" : 148571,
						"url" : "https://piston-meta.mojang.com/v1/packages/89ce85ccb518c62e18b4b58d63399ba2d9611426/manifest.json"
					},
					"version" : 
					{
						"name" : "17.0.15",
						"released" : "2025-05-19T08:28:47+00:00"
					}
				}
			],
			"java-runtime-gamma-snapshot" : 
			[
				{
					"availability" : 
					{
						"group" : 5835,
						"progress" : 100
					},
					"manifest" : 
					{
						"sha1" : "89ce85ccb518c62e18b4b58d63399ba2d9611426",
						"size" : 148571,
						"url" : "https://piston-meta.mojang.com/v1/packages/89ce85ccb518c62e18b4b58d63399ba2d9611426/manifest.json"
					},
					"version" : 
					{
						"name" : "17.0.15",
						"released" : "2025-05-19T08:23:14+00:00"
					}
				}
			],
			"jre-legacy" : 
			[
				{
					"availability" : 
					{
						"group" : 3654,
						"progress" : 100
					},
					"manifest" : 
					{
						"sha1" : "b857498975fe5c5df26a1faa2b2c8ae7b5d15656",
						"size" : 80028,
						"url" : "https://piston-meta.mojang.com/v1/packages/b857498975fe5c5df26a1faa2b2c8ae7b5d15656/manifest.json"
					},
					"version" : 
					{
						"name" : "8u51",
						"released" : "2020-11-17T19:12:13+00:00"
					}
				}
			],
			"minecraft-java-exe" : 
			[
				{
					"availability" : 
					{
						"group" : 23,
						"progress" : 100
					},
					"manifest" : 
					{
						"sha1" : "e31b5f1efc06a15da93da7dacb99bff8d3c38afb",
						"size" : 461,
						"url" : "https://piston-meta.mojang.com/v1/packages/e31b5f1efc06a15da93da7dacb99bff8d3c38afb/manifest.json"
					},
					"version" : 
					{
						"name" : "14",
						"released" : "2021-03-25T22:47:03+00:00"
					}
				}
			]
		},
		"windows-x86" : 
		{
			"java-runtime-alpha" : 
			[
				{
					"availability" : 
					{
						"group" : 3889,
						"progress" : 100
					},
					"manifest" : 
					{
						"sha1" : "41062fddae9baa5a5e6f5a20d4720e604b1e28f6",
						"size" : 145520,
						"url" : "https://piston-meta.mojang.com/v1/packages/41062fddae9baa5a5e6f5a20d4720e604b1e28f6/manifest.json"
					},
					"version" : 
					{
						"name" : "16.0.1.9.1",
						"released" : "2021-05-10T16:45:24+00:00"
					}
				}
			],
			"java-runtime-beta" : 
			[
				{
					"availability" : 
					{
						"group" : 7598,
						"progress" : 100
					},
					"manifest" : 
					{
						"sha1" : "3c18a05bbeca36894e6f73b9f33ab81df1067437",
						"size" : 146895,
						"url" : "https://piston-meta.mojang.com/v1/packages/3c18a05bbeca36894e6f73b9f33ab81df1067437/manifest.json"
					},
					"version" : 
					{
						"name" : "17.0.1.12.1",
						"released" : "2021-11-15T14:19:45+00:00"
					}
				}
			],
			"java-runtime-delta" : [],
			"java-runtime-gamma" : 
			[
				{
					"availability" : 
					{
						"group" : 5201,
						"progress" : 100
					},
					"manifest" : 
					{
						"sha1" : "5c9039c8f794a07a213b91fee846ed7376017731",
						"size" : 147399,
						"url" : "https://piston-meta.mojang.com/v1/packages/5c9039c8f794a07a213b91fee846ed7376017731/manifest.json"
					},
					"version" : 
					{
						"name" : "17.0.8.1",
						"released" : "2023-09-15T08:26:28+00:00"
					}
				}
			],
			"java-runtime-gamma-snapshot" : 
			[
				{
					"availability" : 
					{
						"group" : 9526,
						"progress" : 100
					},
					"manifest" : 
					{
						"sha1" : "5c9039c8f794a07a213b91fee846ed7376017731",
						"size" : 147399,
						"url" : "https://piston-meta.mojang.com/v1/packages/5c9039c8f794a07a213b91fee846ed7376017731/manifest.json"
					},
					"version" : 
					{
						"name" : "17.0.8.1",
						"released" : "2023-09-06T12:10:08+00:00"
					}
				}
			],
			"jre-legacy" : 
			[
				{
					"availability" : 
					{
						"group" : 4866,
						"progress" : 100
					},
					"manifest" : 
					{
						"sha1" : "ae4a64107cd5c9f57c5125ca2096bb4864d10f26",
						"size" : 81684,
						"url" : "https://piston-meta.mojang.com/v1/packages/ae4a64107cd5c9f57c5125ca2096bb4864d10f26/manifest.json"
					},
					"version" : 
					{
						"name" : "8u51",
						"released" : "2020-11-17T19:10:36+00:00"
					}
				}
			],
			"minecraft-java-exe" : 
			[
				{
					"availability" : 
					{
						"group" : 5779,
						"progress" : 100
					},
					"manifest" : 
					{
						"sha1" : "47718d230325c8381f33a371f060ce3149f8001a",
						"size" : 461,
						"url" : "https://piston-meta.mojang.com/v1/packages/47718d230325c8381f33a371f060ce3149f8001a/manifest.json"
					},
					"version" : 
					{
						"name" : "12",
						"released" : "2021-03-25T22:47:02+00:00"
					}
				}
			]
		}
	}
}